{
    "timestamps": [
        "2025-6-11-14-51-40-566",
        "2025-6-11-14-51-40-576",
        "2025-6-11-14-51-40-587",
        "2025-6-11-14-51-40-598",
        "2025-6-11-14-51-40-609",
        "2025-6-11-14-51-40-620",
        "2025-6-11-14-51-40-631",
        "2025-6-11-14-51-40-643",
        "2025-6-11-14-51-40-653",
        "2025-6-11-14-51-40-665",
        "2025-6-11-14-51-40-676",
        "2025-6-11-14-51-40-687",
        "2025-6-11-14-51-40-698",
        "2025-6-11-14-51-40-709",
        "2025-6-11-14-51-40-720",
        "2025-6-11-14-51-40-731",
        "2025-6-11-14-51-40-742",
        "2025-6-11-14-51-40-753",
        "2025-6-11-14-51-40-764",
        "2025-6-11-14-51-40-775",
        "2025-6-11-14-51-40-787",
        "2025-6-11-14-51-40-798",
        "2025-6-11-14-51-40-809",
        "2025-6-11-14-51-40-820",
        "2025-6-11-14-51-40-831",
        "2025-6-11-14-51-40-842",
        "2025-6-11-14-51-40-853",
        "2025-6-11-14-51-40-864",
        "2025-6-11-14-51-40-876",
        "2025-6-11-14-51-40-887",
        "2025-6-11-14-51-40-898",
        "2025-6-11-14-51-40-909",
        "2025-6-11-14-51-40-920",
        "2025-6-11-14-51-40-932",
        "2025-6-11-14-51-40-943",
        "2025-6-11-14-51-40-954",
        "2025-6-11-14-51-40-965"
    ],
    "x_coords": [
        0.366877,
        0.366806,
        0.367237,
        0.367116,
        0.367262,
        0.367412,
        0.36767,
        0.367863,
        0.367893,
        0.367975,
        0.368055,
        0.368036,
        0.367953,
        0.367969,
        0.379142,
        0.483957,
        0.551811,
        0.578231,
        0.60539,
        0.60335,
        0.604127,
        0.604018,
        0.605707,
        0.605864,
        0.606117,
        0.606353,
        0.606682,
        0.606848,
        0.607253,
        0.6079,
        0.608711,
        0.609668,
        0.61062,
        0.611807,
        0.612706,
        0.613624,
        0.614456
    ],
    "y_coords": [
        0.665258,
        0.664945,
        0.664825,
        0.66563,
        0.665392,
        0.665366,
        0.665082,
        0.664972,
        0.664045,
        0.663888,
        0.663771,
        0.664284,
        0.664012,
        0.663913,
        0.646543,
        0.540279,
        0.447661,
        0.360799,
        0.303336,
        0.275117,
        0.275034,
        0.277686,
        0.273032,
        0.27278,
        0.271898,
        0.271759,
        0.271541,
        0.270686,
        0.27029,
        0.269668,
        0.269601,
        0.269087,
        0.269735,
        0.268449,
        0.268243,
        0.268208,
        0.268268
    ]
}