{
    "timestamps": [
        "2025-6-11-14-51-38-301",
        "2025-6-11-14-51-38-309",
        "2025-6-11-14-51-38-318",
        "2025-6-11-14-51-38-330",
        "2025-6-11-14-51-38-341",
        "2025-6-11-14-51-38-351",
        "2025-6-11-14-51-38-363",
        "2025-6-11-14-51-38-374",
        "2025-6-11-14-51-38-385",
        "2025-6-11-14-51-38-396",
        "2025-6-11-14-51-38-408",
        "2025-6-11-14-51-38-418",
        "2025-6-11-14-51-38-429",
        "2025-6-11-14-51-38-440",
        "2025-6-11-14-51-38-451",
        "2025-6-11-14-51-38-463",
        "2025-6-11-14-51-38-563",
        "2025-6-11-14-51-38-574",
        "2025-6-11-14-51-38-585"
    ],
    "x_coords": [
        0.384055,
        0.380926,
        0.376851,
        0.37492,
        0.373265,
        0.372278,
        0.391344,
        0.394548,
        0.396966,
        0.392604,
        0.424433,
        0.422259,
        0.418995,
        0.420067,
        0.418299,
        0.38382,
        0.460139,
        0.480343,
        0.501618
    ],
    "y_coords": [
        0.442111,
        0.447417,
        0.431468,
        0.437534,
        0.450523,
        0.455186,
        0.447408,
        0.449333,
        0.443013,
        0.448179,
        0.41574,
        0.418407,
        0.421605,
        0.420656,
        0.417789,
        0.350751,
        0.426524,
        0.386926,
        0.398642
    ]
}