{
  "rqa_sig": "m2_tau1_eps0.04_lmin2",
  "generated_at": "2025-10-01T14:58:49.288325",
  "feature_names": [
    "game_duration",
    "roi_kw_time",
    "roi_inst_time",
    "roi_bg_time",
    "rr_1d",
    "det_1d",
    "ent_1d",
    "rr_2d",
    "det_2d",
    "ent_2d"
  ],
  "samples": {
    "Q1": 60,
    "Q2": 60,
    "Q3": 60,
    "Q4": 60,
    "Q5": 60
  },
  "val_split": 0.2,
  "random_state": 42,
  "feature_statistics": {
    "Q1": {
      "mean": [
        0.30850477697672984,
        0.37397689614912416,
        0.05711571729350118,
        0.3471359819888179,
        0.1990449415913242,
        0.5958787042147674,
        0.5147234697775231,
        0.15521201693062775,
        0.575801028069587,
        0.5320720381304788
      ],
      "std": [
        0.27014897501167523,
        0.20859198536606133,
        0.07238150743713442,
        0.30533364570727606,
        0.12202456360532297,
        0.24754938348945973,
        0.1541357498526058,
        0.12246232599081644,
        0.1867878000469216,
        0.1587313720204991
      ],
      "min": [
        0.001172264228356,
        0.131525789509689,
        0.0,
        0.0,
        0.0291302468490793,
        0.0540418445785339,
        0.1479889697067898,
        0.0095845764506123,
        0.2040706925245555,
        0.0990708826502131
      ],
      "max": [
        1.0,
        0.999372273055628,
        0.3915519763760883,
        1.0,
        0.6441226486351205,
        0.9963016637210096,
        0.8764712702271832,
        0.5441373910371999,
        0.9476145495849408,
        0.8702064451676199
      ]
    },
    "Q2": {
      "mean": [
        0.25031846511536965,
        0.37281428905585273,
        0.08707690360041337,
        0.25182472468904654,
        0.1291756598522131,
        0.5174418892992283,
        0.46061774125315413,
        0.11327478813202912,
        0.6176453513931343,
        0.55206326386298
      ],
      "std": [
        0.1999088556001034,
        0.2118675416199408,
        0.08969056581117252,
        0.23963753421419415,
        0.06020873106978026,
        0.21314405996974117,
        0.15173024518389608,
        0.0762184059722424,
        0.1778723808534738,
        0.14705416457390635
      ],
      "min": [
        0.0,
        0.0894478627381889,
        0.0,
        0.0,
        0.0371642530500069,
        0.1341432498679581,
        0.1932081124422038,
        0.0127712166341441,
        0.2289750694187477,
        0.180851802541858
      ],
      "max": [
        1.0,
        1.0,
        0.5001198407149761,
        1.0,
        0.310434398139306,
        0.981695006913896,
        1.0,
        0.3584233398169164,
        1.0,
        1.0
      ]
    },
    "Q3": {
      "mean": [
        0.2694087880741646,
        0.15106319906688545,
        0.19863983751922382,
        0.21471828004491347,
        0.12425291561592504,
        0.5510676937048532,
        0.4498396602156968,
        0.14172115474579577,
        0.6493922296712573,
        0.5413351792567
      ],
      "std": [
        0.2557308114926971,
        0.08714403287683631,
        0.10225034730494968,
        0.1727617773677433,
        0.06697152092273352,
        0.19390967378223894,
        0.1374974699909149,
        0.07437306338031152,
        0.14058719529652128,
        0.13501557708636158
      ],
      "min": [
        0.0,
        0.0183929587881557,
        0.0263045035216101,
        3.585789659012529e-06,
        0.0,
        0.0644647183979869,
        0.0985104304231992,
        0.0046547383253122,
        0.3271633671951296,
        0.2538982855166325
      ],
      "max": [
        1.0,
        0.5153255295558715,
        0.5045649710924285,
        0.6836702421770625,
        0.3283952618059506,
        0.9237677165691162,
        0.9324613736414084,
        0.3954094570591766,
        0.9541284712605256,
        0.8703240725617957
      ]
    },
    "Q4": {
      "mean": [
        0.42674813903053704,
        0.3773502723520344,
        0.47905155853383263,
        0.3582882778862681,
        0.2934404962076514,
        0.5416720599607795,
        0.5422258926778448,
        0.21994588165799497,
        0.5539523341381297,
        0.5612522220214832
      ],
      "std": [
        0.28764190611785545,
        0.25529844889454345,
        0.2948641897168489,
        0.28851472369632053,
        0.26653375874850604,
        0.29784318831065376,
        0.18802150524848915,
        0.24945881976421752,
        0.17102211995671965,
        0.1314172574025487
      ],
      "min": [
        0.0,
        0.02103896338575,
        0.0089151534850177,
        0.0,
        0.011114796565001,
        0.0308568629374552,
        0.2376647536547432,
        0.0,
        0.0,
        0.3541370907262579
      ],
      "max": [
        1.0,
        1.0,
        1.0,
        0.9987894374111184,
        1.0,
        1.0,
        0.9545293254639692,
        1.0,
        0.9429596911163322,
        0.8955081557076635
      ]
    },
    "Q5": {
      "mean": [
        0.2812086044194354,
        0.0,
        0.2739847974170357,
        0.40945864377307356,
        0.15514384185095947,
        0.46070473861169375,
        0.39211411988480444,
        0.1356329303681353,
        0.6335760632916904,
        0.4660343819594742
      ],
      "std": [
        0.23067262982904224,
        0.0,
        0.14913669358013662,
        0.26249665407918127,
        0.08986195627904325,
        0.2181537189340782,
        0.16675151054378728,
        0.08247258349753323,
        0.147148181174846,
        0.17235677210306644
      ],
      "min": [
        0.0,
        0.0,
        0.052441870141028,
        0.00860948097129,
        0.0087342742328457,
        0.0,
        0.0,
        0.0101532698826407,
        0.1643954001424426,
        0.0
      ],
      "max": [
        1.0,
        0.0,
        0.6436086492991275,
        1.0,
        0.3956277922372629,
        0.9471643577076068,
        0.7189506166198331,
        0.311278791407548,
        0.8915694369652367,
        0.905661550713441
      ]
    }
  }
}