{
    "timestamps": [
        "2025-4-18-21-5-6-431",
        "2025-4-18-21-5-6-445",
        "2025-4-18-21-5-6-459",
        "2025-4-18-21-5-6-472",
        "2025-4-18-21-5-6-486",
        "2025-4-18-21-5-6-500",
        "2025-4-18-21-5-6-514",
        "2025-4-18-21-5-6-527",
        "2025-4-18-21-5-6-541",
        "2025-4-18-21-5-6-555",
        "2025-4-18-21-5-6-569",
        "2025-4-18-21-5-6-583",
        "2025-4-18-21-5-6-597",
        "2025-4-18-21-5-6-611",
        "2025-4-18-21-5-6-624",
        "2025-4-18-21-5-6-638",
        "2025-4-18-21-5-6-652",
        "2025-4-18-21-5-6-666",
        "2025-4-18-21-5-6-681",
        "2025-4-18-21-5-6-694",
        "2025-4-18-21-5-6-707",
        "2025-4-18-21-5-6-722",
        "2025-4-18-21-5-6-735",
        "2025-4-18-21-5-6-749",
        "2025-4-18-21-5-6-763",
        "2025-4-18-21-5-6-777",
        "2025-4-18-21-5-6-791",
        "2025-4-18-21-5-6-805",
        "2025-4-18-21-5-6-819",
        "2025-4-18-21-5-6-833",
        "2025-4-18-21-5-6-847",
        "2025-4-18-21-5-6-861",
        "2025-4-18-21-5-6-875",
        "2025-4-18-21-5-6-889",
        "2025-4-18-21-5-6-902",
        "2025-4-18-21-5-6-916",
        "2025-4-18-21-5-6-930",
        "2025-4-18-21-5-6-944",
        "2025-4-18-21-5-6-958",
        "2025-4-18-21-5-6-972",
        "2025-4-18-21-5-6-986",
        "2025-4-18-21-5-7-0",
        "2025-4-18-21-5-7-14",
        "2025-4-18-21-5-7-28"
    ],
    "x_coords": [
        0.348853,
        0.348803,
        0.347709,
        0.347313,
        0.347602,
        0.34798,
        0.348557,
        0.348927,
        0.349575,
        0.349733,
        0.350059,
        0.34965,
        0.349901,
        0.349907,
        0.349701,
        0.349658,
        0.346147,
        0.346539,
        0.34606,
        0.345801,
        0.345439,
        0.368862,
        0.423851,
        0.473657,
        0.520406,
        0.517759,
        0.512701,
        0.511364,
        0.509915,
        0.50928,
        0.508325,
        0.506452,
        0.50605,
        0.505537,
        0.505375,
        0.505007,
        0.502829,
        0.502757,
        0.502749,
        0.505161,
        0.505683,
        0.505751,
        0.505843,
        0.505932
    ],
    "y_coords": [
        0.544485,
        0.544704,
        0.544495,
        0.54478,
        0.544984,
        0.544703,
        0.542655,
        0.542929,
        0.543316,
        0.543566,
        0.543779,
        0.542955,
        0.542893,
        0.542355,
        0.542346,
        0.542552,
        0.538792,
        0.536136,
        0.535491,
        0.535525,
        0.535608,
        0.566384,
        0.557093,
        0.588401,
        0.572029,
        0.571839,
        0.570456,
        0.566205,
        0.563538,
        0.563247,
        0.562256,
        0.56253,
        0.562862,
        0.564235,
        0.56249,
        0.562414,
        0.562162,
        0.562296,
        0.561775,
        0.563422,
        0.563403,
        0.564892,
        0.56524,
        0.565502
    ]
}