{
    "timestamps": [
        "2025-4-15-10-3-38-509",
        "2025-4-15-10-3-38-522",
        "2025-4-15-10-3-38-534",
        "2025-4-15-10-3-38-548",
        "2025-4-15-10-3-38-562",
        "2025-4-15-10-3-38-576",
        "2025-4-15-10-3-38-589",
        "2025-4-15-10-3-38-603",
        "2025-4-15-10-3-38-616",
        "2025-4-15-10-3-38-630",
        "2025-4-15-10-3-38-644",
        "2025-4-15-10-3-38-658",
        "2025-4-15-10-3-38-671",
        "2025-4-15-10-3-38-685",
        "2025-4-15-10-3-38-699",
        "2025-4-15-10-3-38-713",
        "2025-4-15-10-3-38-726",
        "2025-4-15-10-3-38-741",
        "2025-4-15-10-3-38-754",
        "2025-4-15-10-3-38-768",
        "2025-4-15-10-3-38-782",
        "2025-4-15-10-3-38-796",
        "2025-4-15-10-3-38-810",
        "2025-4-15-10-3-38-824",
        "2025-4-15-10-3-38-839",
        "2025-4-15-10-3-38-853"
    ],
    "x_coords": [
        0.331911,
        0.332129,
        0.333025,
        0.332444,
        0.334835,
        0.333436,
        0.335555,
        0.332387,
        0.331447,
        0.341208,
        0.342418,
        0.342748,
        0.341656,
        0.338356,
        0.335933,
        0.334767,
        0.334041,
        0.334641,
        0.333938,
        0.332812,
        0.331749,
        0.331527,
        0.33153,
        0.330576,
        0.332019,
        0.331629
    ],
    "y_coords": [
        0.424856,
        0.425753,
        0.41545,
        0.413661,
        0.417631,
        0.41708,
        0.448291,
        0.437201,
        0.437247,
        0.433002,
        0.433689,
        0.431126,
        0.429597,
        0.426032,
        0.428719,
        0.428222,
        0.42867,
        0.426586,
        0.42578,
        0.424083,
        0.42361,
        0.422773,
        0.42531,
        0.424196,
        0.425278,
        0.424811
    ]
}