{
    "timestamps": [
        "2025-4-15-10-3-29-637",
        "2025-4-15-10-3-29-651",
        "2025-4-15-10-3-29-665",
        "2025-4-15-10-3-29-679",
        "2025-4-15-10-3-29-692",
        "2025-4-15-10-3-29-707",
        "2025-4-15-10-3-29-720",
        "2025-4-15-10-3-29-734",
        "2025-4-15-10-3-29-747",
        "2025-4-15-10-3-29-761",
        "2025-4-15-10-3-29-775",
        "2025-4-15-10-3-29-789",
        "2025-4-15-10-3-29-803",
        "2025-4-15-10-3-29-816",
        "2025-4-15-10-3-29-831",
        "2025-4-15-10-3-29-845",
        "2025-4-15-10-3-29-858",
        "2025-4-15-10-3-29-873",
        "2025-4-15-10-3-29-886",
        "2025-4-15-10-3-29-900",
        "2025-4-15-10-3-29-914",
        "2025-4-15-10-3-29-928",
        "2025-4-15-10-3-29-942",
        "2025-4-15-10-3-29-956",
        "2025-4-15-10-3-29-970",
        "2025-4-15-10-3-29-983",
        "2025-4-15-10-3-29-997",
        "2025-4-15-10-3-30-11",
        "2025-4-15-10-3-30-25",
        "2025-4-15-10-3-30-39",
        "2025-4-15-10-3-30-54",
        "2025-4-15-10-3-30-67"
    ],
    "x_coords": [
        0.447094,
        0.445314,
        0.444489,
        0.442259,
        0.441588,
        0.439623,
        0.439384,
        0.438703,
        0.438113,
        0.437691,
        0.44103,
        0.443983,
        0.44126,
        0.441289,
        0.441249,
        0.432858,
        0.431731,
        0.4313,
        0.431009,
        0.431469,
        0.433656,
        0.433623,
        0.434372,
        0.434548,
        0.438575,
        0.438856,
        0.438895,
        0.438983,
        0.440209,
        0.440746,
        0.44386,
        0.445434
    ],
    "y_coords": [
        0.485595,
        0.492921,
        0.491878,
        0.491694,
        0.49199,
        0.490383,
        0.489904,
        0.490352,
        0.490076,
        0.49377,
        0.494783,
        0.492255,
        0.488179,
        0.487226,
        0.486998,
        0.496084,
        0.495917,
        0.495506,
        0.495548,
        0.495179,
        0.492267,
        0.491606,
        0.490638,
        0.490564,
        0.489708,
        0.489834,
        0.489692,
        0.489501,
        0.489378,
        0.489093,
        0.489991,
        0.490062
    ]
}