{
    "timestamps": [
        "2025-4-15-10-3-33-564",
        "2025-4-15-10-3-33-578",
        "2025-4-15-10-3-33-591",
        "2025-4-15-10-3-33-605",
        "2025-4-15-10-3-33-619",
        "2025-4-15-10-3-33-632",
        "2025-4-15-10-3-33-646",
        "2025-4-15-10-3-33-660",
        "2025-4-15-10-3-33-674",
        "2025-4-15-10-3-33-688",
        "2025-4-15-10-3-33-701",
        "2025-4-15-10-3-33-715",
        "2025-4-15-10-3-33-729",
        "2025-4-15-10-3-33-743",
        "2025-4-15-10-3-33-756",
        "2025-4-15-10-3-33-770",
        "2025-4-15-10-3-33-784",
        "2025-4-15-10-3-33-798",
        "2025-4-15-10-3-33-812",
        "2025-4-15-10-3-33-826",
        "2025-4-15-10-3-33-840",
        "2025-4-15-10-3-33-854",
        "2025-4-15-10-3-33-868",
        "2025-4-15-10-3-33-881",
        "2025-4-15-10-3-33-896",
        "2025-4-15-10-3-33-909",
        "2025-4-15-10-3-33-923",
        "2025-4-15-10-3-33-937",
        "2025-4-15-10-3-33-951",
        "2025-4-15-10-3-33-965",
        "2025-4-15-10-3-33-979",
        "2025-4-15-10-3-33-993",
        "2025-4-15-10-3-34-7",
        "2025-4-15-10-3-34-21",
        "2025-4-15-10-3-34-35",
        "2025-4-15-10-3-34-49",
        "2025-4-15-10-3-34-63",
        "2025-4-15-10-3-34-77"
    ],
    "x_coords": [
        0.511013,
        0.510267,
        0.509648,
        0.508392,
        0.508006,
        0.507591,
        0.50701,
        0.505885,
        0.51292,
        0.513918,
        0.50763,
        0.506821,
        0.506676,
        0.50662,
        0.507156,
        0.506941,
        0.506948,
        0.507067,
        0.507284,
        0.507033,
        0.506997,
        0.508647,
        0.504208,
        0.503016,
        0.505392,
        0.505031,
        0.505017,
        0.505068,
        0.504659,
        0.504466,
        0.504659,
        0.50572,
        0.507357,
        0.508273,
        0.509484,
        0.514977,
        0.516568,
        0.517982
    ],
    "y_coords": [
        0.471619,
        0.472168,
        0.472518,
        0.474114,
        0.474419,
        0.474807,
        0.474753,
        0.477521,
        0.484131,
        0.484956,
        0.483948,
        0.483605,
        0.481219,
        0.480744,
        0.480166,
        0.481043,
        0.481058,
        0.479735,
        0.480266,
        0.477507,
        0.47795,
        0.482049,
        0.476836,
        0.48413,
        0.487767,
        0.48758,
        0.487187,
        0.487125,
        0.487289,
        0.487343,
        0.48749,
        0.487133,
        0.487016,
        0.486475,
        0.484537,
        0.482669,
        0.481963,
        0.481106
    ]
}