{
    "timestamps": [
        "2025-4-24-14-4-29-484",
        "2025-4-24-14-4-29-492",
        "2025-4-24-14-4-29-503",
        "2025-4-24-14-4-29-513"
    ],
    "x_coords": [
        0.532943,
        0.545504,
        0.541754,
        0.537595
    ],
    "y_coords": [
        0.406249,
        0.396561,
        0.40312,
        0.408677
    ]
}